frame,1,I,0
frame,0,B,3
frame,0,B,4
frame,0,B,5
frame,0,B,6
frame,0,B,7
frame,0,B,8
frame,0,B,9
frame,0,B,2
frame,0,B,10
frame,0,B,11
frame,0,B,12
frame,0,B,13
frame,0,B,14
frame,0,B,15
frame,0,B,16
frame,0,B,17
frame,1,I,0
frame,0,B,3
frame,0,B,4
frame,0,B,5
frame,0,B,6
frame,0,B,7
frame,0,B,8
frame,0,B,9
frame,0,B,2
frame,0,B,10
frame,0,B,11
frame,0,B,12
frame,0,B,13
frame,0,B,14
frame,0,B,15
frame,0,B,16
frame,0,B,17
frame,1,I,0
frame,0,B,3
frame,0,B,4
frame,0,B,5
frame,0,B,6
frame,0,B,7
frame,0,B,8
frame,0,B,9
frame,0,B,2
frame,0,B,10
frame,0,B,11
frame,0,B,12
frame,0,B,13
frame,0,B,14
frame,0,B,15
frame,0,B,16
frame,0,B,17
frame,0,P,1
frame,0,B,19
frame,0,P,1
frame,0,B,19
frame,0,P,1
frame,0,B,19
frame,0,P,18
frame,0,P,18
frame,0,P,18
frame,0,I,20
frame,0,B,23
frame,0,B,24
frame,0,B,22
frame,0,B,25
frame,0,B,26
frame,0,I,20
frame,0,B,23
frame,0,B,24
frame,0,B,22
frame,0,B,25
frame,0,B,26
frame,0,I,20
frame,0,B,23
frame,0,B,24
frame,0,B,22
frame,0,B,25
frame,0,B,26
frame,0,P,21
frame,0,B,29
frame,0,B,28
frame,0,B,30
frame,0,P,21
frame,0,B,29
frame,0,B,28
frame,0,B,30
frame,0,P,21
frame,0,B,29
frame,0,B,28
frame,0,B,30
frame,0,P,27
frame,0,B,33
frame,0,B,32
frame,0,B,34
frame,0,P,27
frame,0,B,33
frame,0,B,32
frame,0,B,34
frame,0,B,35
frame,0,P,27
frame,0,B,33
frame,0,B,32
frame,0,B,34
frame,0,B,35
frame,0,P,31
frame,0,B,36
frame,0,P,31
frame,0,B,38
frame,0,B,37
frame,0,B,39
frame,0,B,40
frame,0,P,35
frame,0,B,39
frame,0,B,38
frame,0,B,40
frame,0,P,36
frame,0,P,37
frame,0,P,31
frame,0,B,38
frame,0,B,39
frame,0,B,37
frame,0,B,40
frame,0,B,41
frame,0,P,41
frame,0,P,41
frame,0,I,42
frame,0,B,44
frame,0,P,36
frame,0,B,44
frame,0,B,43
frame,0,B,45
frame,0,I,42
frame,0,B,45
frame,0,B,44
frame,0,B,46
frame,0,P,43
frame,0,B,46
frame,0,P,43
frame,0,B,49
frame,0,B,48
frame,0,B,50
frame,0,P,45
frame,0,B,49
frame,0,B,48
frame,0,B,50
frame,0,P,42
frame,0,B,48
frame,0,B,49
frame,0,B,47
frame,0,B,50
frame,0,B,51
frame,0,P,47
frame,0,B,53
frame,0,B,52
frame,0,B,54
frame,0,P,47
frame,0,B,53
frame,0,B,52
frame,0,B,54
frame,0,P,46
frame,0,B,54
frame,0,B,53
frame,0,B,55
frame,0,P,51
frame,0,B,56
frame,0,P,51
frame,0,B,56
frame,0,P,55
frame,0,B,58
frame,0,B,59
frame,0,P,52
frame,0,B,58
frame,0,B,57
frame,0,B,59
frame,0,P,55
frame,0,B,59
frame,0,B,58
frame,0,B,60
frame,0,P,57
frame,0,B,61
frame,0,P,56
frame,0,B,61
frame,0,P,57
frame,0,B,62
frame,0,B,63
frame,0,P,60
frame,0,B,63
frame,0,P,60
frame,0,B,63
frame,0,P,61
frame,0,P,62
frame,0,P,62
frame,0,I,64
frame,0,B,66
frame,0,I,64
frame,0,B,67
frame,0,B,66
frame,0,B,68
frame,0,I,64
frame,0,B,67
frame,0,B,66
frame,0,B,68
frame,0,P,65
frame,0,B,68
frame,0,P,65
frame,0,B,70
frame,0,P,65
frame,0,B,71
frame,0,B,70
frame,0,B,72
frame,0,B,73
frame,0,P,67
frame,0,B,71
frame,0,B,70
frame,0,B,72
frame,0,B,73
frame,0,P,69
frame,0,B,73
frame,0,B,72
frame,0,B,74
frame,0,B,75
frame,0,P,71
frame,0,B,77
frame,0,B,78
frame,0,P,69
frame,0,B,76
frame,0,B,75
frame,0,B,77
frame,0,B,78
frame,0,P,69
frame,0,B,76
frame,0,B,75
frame,0,B,77
frame,0,B,78
frame,0,P,76
frame,0,P,74
frame,0,P,79
frame,0,B,82
frame,0,B,81
frame,0,B,83
frame,0,P,79
frame,0,B,82
frame,0,B,81
frame,0,B,83
frame,0,P,74
frame,0,B,81
frame,0,B,80
frame,0,B,82
frame,0,B,83
frame,0,P,80
frame,0,P,80
frame,0,P,79
frame,0,I,84
frame,0,B,86
frame,0,I,84
frame,0,B,87
frame,0,B,86
frame,0,B,88
frame,0,P,85
frame,0,B,88
frame,0,I,84
frame,0,B,87
frame,0,B,86
frame,0,B,88
frame,0,P,85
frame,0,P,87
frame,0,P,89
frame,0,B,91
frame,0,P,89
frame,0,B,92
frame,0,B,91
frame,0,B,93
frame,0,P,90
frame,0,B,93
frame,0,P,85
frame,0,B,91
frame,0,B,90
frame,0,B,92
frame,0,B,93
frame,0,P,92
frame,0,B,95
frame,0,P,90
frame,0,B,96
frame,0,B,95
frame,0,B,97
frame,0,P,89
frame,0,B,96
frame,0,B,95
frame,0,B,97
frame,0,B,98
frame,0,P,94
frame,0,B,98
frame,0,B,97
frame,0,B,99
frame,0,P,94
frame,0,B,100
frame,0,B,99
frame,0,B,101
frame,0,P,94
frame,0,B,101
frame,0,B,100
frame,0,B,102
frame,0,P,96
frame,0,B,102
frame,0,B,101
frame,0,B,103
frame,0,P,100
frame,0,P,99
frame,0,B,104
frame,0,P,98
frame,0,B,104
frame,0,B,103
frame,0,B,105
frame,0,B,106
frame,0,P,104
frame,0,B,106
frame,0,P,103
frame,0,B,106
frame,0,P,105
frame,0,B,108
frame,0,P,102
frame,0,B,108
frame,0,B,109
frame,0,P,105
frame,0,B,108
frame,0,B,109
frame,0,P,107
frame,0,P,107
frame,0,P,107
frame,0,P,109
frame,0,I,110
frame,0,B,112
frame,0,B,113
frame,0,I,110
frame,0,B,113
frame,0,B,112
frame,0,B,114
frame,0,P,111
frame,0,B,115
frame,0,B,116
frame,0,I,110
frame,0,B,113
frame,0,B,114
frame,0,B,112
frame,0,B,115
frame,0,B,116
frame,0,P,111
frame,0,B,117
frame,0,B,116
frame,0,B,118
frame,0,P,114
frame,0,B,118
frame,0,P,115
frame,0,P,117
frame,0,P,119
frame,0,B,121
frame,0,P,119
frame,0,B,121
frame,0,P,111
frame,0,B,119
frame,0,B,118
frame,0,B,120
frame,0,B,121
frame,0,P,120
frame,0,B,123
frame,0,P,120
frame,0,B,124
frame,0,B,123
frame,0,B,125
frame,0,B,126
frame,0,P,122
frame,0,B,125
frame,0,B,126
frame,0,P,117
frame,0,B,124
frame,0,B,123
frame,0,B,125
frame,0,B,126
frame,0,P,122
frame,0,B,128
frame,0,P,124
frame,0,B,128
frame,0,P,127
frame,0,P,127
frame,0,P,122
frame,0,B,128
frame,0,B,129
frame,0,P,129
frame,0,B,131
frame,0,P,129
frame,0,B,131
frame,0,P,130
frame,0,B,133
frame,0,P,130
frame,0,B,133
frame,0,P,127
frame,0,B,132
frame,0,B,131
frame,0,B,133
frame,0,P,132
frame,0,P,132
frame,0,P,134
frame,0,B,136
frame,0,P,135
frame,0,P,130
frame,0,B,136
frame,0,B,135
frame,0,B,137
frame,0,P,134
frame,0,B,137
frame,0,B,136
frame,0,B,138
frame,0,P,135
frame,0,B,140
frame,0,P,137
frame,0,B,140
frame,0,B,139
frame,0,B,141
frame,0,P,134
frame,0,B,140
frame,0,B,139
frame,0,B,141
frame,0,P,138
frame,0,B,144
frame,0,B,143
frame,0,B,145
frame,0,P,139
frame,0,B,143
frame,0,B,144
frame,0,B,142
frame,0,B,145
frame,0,B,146
frame,0,P,138
frame,0,B,144
frame,0,B,143
frame,0,B,145
frame,0,B,146
frame,0,P,142
frame,0,B,148
frame,0,B,149
frame,0,B,147
frame,0,B,150
frame,0,B,151
frame,0,P,141
frame,0,B,149
frame,0,B,148
frame,0,B,150
frame,0,B,151
frame,0,P,142
frame,0,B,149
frame,0,B,148
frame,0,B,150
frame,0,B,151
frame,0,P,147
frame,0,B,153
frame,0,P,146
frame,0,B,154
frame,0,B,153
frame,0,B,155
frame,0,B,156
frame,0,P,152
frame,0,B,155
frame,0,B,156
frame,0,P,147
frame,0,B,154
frame,0,B,153
frame,0,B,155
frame,0,B,156
frame,0,P,152
frame,0,P,154
frame,0,P,152
frame,1,I,157
frame,0,B,160
frame,0,B,159
frame,0,B,161
frame,1,I,157
frame,0,B,160
frame,0,B,159
frame,0,B,161
frame,1,I,157
frame,0,B,160
frame,0,B,159
frame,0,B,161
frame,0,P,158
frame,0,B,163
frame,0,P,158
frame,0,B,164
frame,0,B,163
frame,0,B,165
frame,0,B,166
frame,0,P,162
frame,0,B,165
frame,0,B,166
frame,0,P,158
frame,0,B,164
frame,0,B,163
frame,0,B,165
frame,0,B,166
frame,0,P,162
frame,0,B,168
frame,0,P,164
frame,0,B,168
frame,0,P,162
frame,0,B,168
frame,0,P,167
frame,0,B,170
frame,0,P,167
frame,0,B,170
frame,0,P,169
frame,0,P,169
frame,0,B,172
frame,0,P,171
frame,0,B,173
frame,0,P,167
frame,0,B,171
frame,0,B,170
frame,0,B,172
frame,0,B,173
frame,0,P,171
frame,0,B,175
frame,0,B,174
frame,0,B,176
frame,0,P,172
frame,0,B,175
frame,0,B,176
frame,0,P,169
frame,0,B,175
frame,0,B,176
frame,0,P,173
frame,0,B,178
frame,0,P,174
frame,0,B,178
frame,0,P,177
frame,0,B,180
frame,0,P,177
frame,0,B,180
frame,0,P,174
frame,0,B,179
frame,0,B,178
frame,0,B,180
frame,0,P,179
frame,0,P,179
frame,0,P,181
frame,0,P,181
frame,0,B,184
frame,0,B,183
frame,0,B,185
frame,0,P,177
frame,0,B,183
frame,0,B,182
frame,0,B,184
frame,0,B,185
frame,0,P,182
frame,0,B,185
frame,0,B,184
frame,0,B,186
frame,0,P,182
frame,0,P,186
frame,0,B,188
frame,0,P,183
frame,0,B,189
frame,0,B,188
frame,0,B,190
frame,0,P,181
frame,0,B,188
frame,0,B,187
frame,0,B,189
frame,0,B,190
frame,0,P,187
frame,0,B,190
frame,0,B,191
frame,0,P,186
frame,0,P,189
frame,0,P,191
frame,0,P,187
frame,0,B,192
frame,0,B,193
frame,0,P,191
frame,0,B,195
frame,0,P,194
frame,0,I,192
frame,0,B,195
frame,0,B,194
frame,0,B,196
frame,0,P,196
frame,0,B,198
frame,0,P,193
frame,0,B,198
frame,0,I,192
frame,0,B,195
frame,0,B,196
frame,0,B,194
frame,0,B,197
frame,0,B,198
frame,0,P,197
frame,0,B,200
frame,0,B,201
frame,0,P,197
frame,0,B,200
frame,0,B,201
frame,0,P,199
frame,0,B,203
frame,0,P,199
frame,0,B,203
frame,0,P,193
frame,0,B,201
frame,0,B,200
frame,0,B,202
frame,0,B,203
frame,0,P,202
frame,0,B,205
frame,0,P,204
frame,0,P,202
frame,0,B,206
frame,0,B,205
frame,0,B,207
frame,0,P,206
frame,0,B,208
frame,0,P,199
frame,0,B,206
frame,0,B,205
frame,0,B,207
frame,0,B,208
frame,0,P,204
frame,0,B,209
frame,0,B,210
frame,0,P,207
frame,0,B,210
frame,0,P,208
frame,0,P,209
frame,0,P,204
frame,0,B,210
frame,0,B,211
frame,0,P,211
frame,0,P,211
frame,0,P,209
frame,0,I,212
frame,0,B,215
frame,0,B,216
frame,0,B,214
frame,0,B,217
frame,0,B,218
frame,0,I,212
frame,0,B,215
frame,0,B,216
frame,0,B,214
frame,0,B,217
frame,0,B,218
frame,0,I,212
frame,0,B,215
frame,0,B,216
frame,0,B,214
frame,0,B,217
frame,0,B,218
frame,0,P,213
frame,0,B,221
frame,0,B,220
frame,0,B,222
frame,0,P,213
frame,0,B,221
frame,0,B,220
frame,0,B,222
frame,0,P,213
frame,0,B,221
frame,0,B,220
frame,0,B,222
frame,0,P,219
frame,0,B,225
frame,0,B,224
frame,0,B,226
frame,0,P,219
frame,0,B,225
frame,0,B,224
frame,0,B,226
frame,0,B,227
frame,0,P,219
frame,0,B,225
frame,0,B,224
frame,0,B,226
frame,0,B,227
frame,0,P,223
frame,0,B,228
frame,0,P,223
frame,0,B,230
frame,0,B,229
frame,0,B,231
frame,0,B,232
frame,0,P,227
frame,0,B,231
frame,0,B,230
frame,0,B,232
frame,0,P,223
frame,0,B,230
frame,0,B,231
frame,0,B,229
frame,0,B,232
frame,0,B,233
frame,0,P,228
frame,0,B,234
frame,0,P,229
frame,0,B,235
frame,0,B,234
frame,0,B,236
frame,0,P,233
frame,0,B,237
frame,0,B,236
frame,0,B,238
frame,0,P,228
frame,0,B,236
frame,0,B,235
frame,0,B,237
frame,0,B,238
frame,0,P,233
frame,0,B,239
frame,0,B,238
frame,0,B,240
frame,0,P,235
frame,0,B,241
frame,0,B,240
frame,0,B,242
frame,0,P,237
frame,0,B,242
frame,0,P,234
frame,0,B,241
frame,0,B,240
frame,0,B,242
frame,0,P,241
frame,0,B,244
frame,0,P,239
frame,0,B,244
frame,0,P,239
frame,0,B,245
frame,0,B,244
frame,0,B,246
frame,0,B,247
frame,0,P,243
frame,0,B,247
frame,0,B,246
frame,0,B,248
frame,0,P,243
frame,0,B,247
frame,0,B,246
frame,0,B,248
frame,0,P,245
frame,0,B,251
frame,0,B,250
frame,0,B,252
frame,0,P,245
frame,0,B,251
frame,0,B,250
frame,0,B,252
frame,0,P,243
frame,0,B,250
frame,0,B,251
frame,0,B,249
frame,0,B,252
frame,0,B,253
frame,0,P,248
frame,0,P,254
frame,0,B,256
frame,0,P,249
frame,0,B,255
frame,0,B,254
frame,0,B,256
frame,0,P,249
frame,0,B,255
frame,0,B,254
frame,0,B,256
frame,0,P,255
frame,0,P,253
frame,0,P,253
frame,0,I,257
frame,0,B,260
frame,0,B,259
frame,0,B,261
frame,0,I,257
frame,0,B,260
frame,0,B,259
frame,0,B,261
frame,0,I,257
frame,0,B,260
frame,0,B,259
frame,0,B,261
frame,0,P,258
frame,0,B,264
frame,0,B,263
frame,0,B,265
frame,0,P,258
frame,0,B,264
frame,0,B,263
frame,0,B,265
frame,0,P,258
frame,0,B,264
frame,0,B,263
frame,0,B,265
frame,0,P,262
frame,0,B,267
frame,0,P,262
frame,0,B,267
frame,0,P,262
frame,0,B,267
frame,0,P,266
frame,0,B,270
frame,0,B,269
frame,0,B,271
frame,0,P,266
frame,0,B,270
frame,0,B,271
frame,0,B,269
frame,0,B,272
frame,0,B,273
frame,0,P,266
frame,0,B,270
frame,0,B,271
frame,0,B,269
frame,0,B,272
frame,0,B,273
frame,0,P,268
frame,0,B,274
frame,0,B,273
frame,0,B,275
frame,0,P,268
frame,0,B,275
frame,0,B,276
frame,0,P,272
frame,0,P,268
frame,0,B,275
frame,0,B,276
frame,0,P,274
frame,0,P,276
frame,0,P,274
frame,0,I,277
frame,0,B,279
frame,0,B,280
frame,0,I,277
frame,0,B,279
frame,0,B,280
frame,0,P,278
frame,0,I,277
frame,0,B,280
frame,0,B,281
frame,0,B,279
frame,0,B,282
frame,0,B,283
frame,0,P,281
frame,0,B,284
frame,0,B,283
frame,0,B,285
frame,0,P,278
frame,0,B,283
frame,0,B,282
frame,0,B,284
frame,0,B,285
frame,0,P,282
frame,0,B,287
frame,0,B,288
frame,0,P,278
frame,0,B,286
frame,0,B,285
frame,0,B,287
frame,0,B,288
frame,0,P,281
frame,0,B,288
frame,0,B,287
frame,0,B,289
frame,0,B,290
frame,0,P,286
frame,0,B,291
frame,0,B,290
frame,0,B,292
frame,0,B,293
frame,0,P,284
frame,0,B,291
frame,0,B,290
frame,0,B,292
frame,0,B,293
frame,0,P,286
frame,0,B,293
frame,0,B,292
frame,0,B,294
frame,0,B,295
frame,0,P,289
frame,0,B,296
frame,0,B,295
frame,0,B,297
frame,0,B,298
frame,0,P,291
frame,0,B,297
frame,0,B,298
frame,0,P,289
frame,0,B,296
frame,0,B,295
frame,0,B,297
frame,0,B,298
frame,0,P,294
frame,0,P,296
frame,0,P,294
frame,1,I,299
frame,0,B,302
frame,0,B,301
frame,0,B,303
frame,1,I,299
frame,0,B,302
frame,0,B,301
frame,0,B,303
frame,1,I,299
frame,0,B,302
frame,0,B,301
frame,0,B,303
frame,0,P,300
frame,0,B,305
frame,0,P,304
frame,0,B,307
frame,0,B,308
frame,0,P,300
frame,0,B,306
frame,0,B,305
frame,0,B,307
frame,0,B,308
frame,0,P,300
frame,0,B,306
frame,0,B,305
frame,0,B,307
frame,0,B,308
frame,0,P,306
frame,0,B,310
frame,0,P,304
frame,0,B,311
frame,0,B,310
frame,0,B,312
frame,0,B,313
frame,0,P,304
frame,0,B,311
frame,0,B,310
frame,0,B,312
frame,0,B,313
frame,0,P,309
frame,0,B,313
frame,0,B,312
frame,0,B,314
frame,0,B,315
frame,0,P,309
frame,0,B,315
frame,0,B,316
frame,0,P,309
frame,0,B,315
frame,0,B,316
frame,0,P,314
frame,0,B,318
frame,0,P,317
frame,0,P,311
frame,0,B,318
frame,0,B,317
frame,0,B,319
frame,0,B,320
frame,0,P,314
frame,0,B,319
frame,0,B,318
frame,0,B,320
frame,0,I,319
frame,0,B,322
frame,0,B,321
frame,0,B,323
frame,0,P,316
frame,0,B,323
frame,0,B,322
frame,0,B,324
frame,0,P,317
frame,0,B,323
frame,0,B,322
frame,0,B,324
frame,0,B,325
frame,0,P,321
frame,0,B,327
frame,0,P,320
frame,0,B,326
frame,0,B,325
frame,0,B,327
frame,0,P,321
frame,0,B,327
frame,0,B,326
frame,0,B,328
frame,0,P,325
frame,0,B,330
frame,0,P,326
frame,0,B,330
frame,0,B,331
frame,0,B,329
frame,0,B,332
frame,0,B,333
frame,0,P,324
frame,0,B,330
frame,0,B,331
frame,0,B,329
frame,0,B,332
frame,0,B,333
frame,0,P,329
frame,0,B,333
frame,0,B,332
frame,0,B,334
frame,0,B,335
frame,0,P,331
frame,0,P,328
frame,0,B,336
frame,0,B,335
frame,0,B,337
frame,0,B,338
frame,0,P,328
frame,0,B,336
frame,0,B,335
frame,0,B,337
frame,0,B,338
frame,0,P,336
frame,0,B,339
frame,0,B,338
frame,0,B,340
frame,0,P,334
frame,0,B,340
frame,0,P,334
frame,0,B,340
frame,0,P,337
frame,0,P,339
frame,0,P,339
frame,0,I,341
frame,0,B,343
frame,0,I,341
frame,0,B,343
frame,0,I,341
frame,0,B,343
frame,0,P,342
frame,0,B,345
frame,0,P,342
frame,0,B,345
frame,0,P,342
frame,0,B,346
frame,0,B,345
frame,0,B,347
frame,0,B,348
frame,0,P,344
frame,0,B,347
frame,0,B,348
frame,0,P,344
frame,0,B,347
frame,0,B,348
frame,0,P,344
frame,0,B,350
frame,0,P,346
frame,0,B,350
frame,0,P,349
frame,0,P,351
frame,0,B,353
frame,0,P,349
frame,0,B,352
frame,0,B,353
frame,0,P,346
frame,0,B,351
frame,0,B,350
frame,0,B,352
frame,0,B,353
frame,0,P,352
frame,0,B,356
frame,0,B,355
frame,0,B,357
frame,0,B,358
frame,0,P,351
frame,0,B,356
frame,0,B,355
frame,0,B,357
frame,0,B,358
frame,0,P,349
frame,0,B,356
frame,0,B,355
frame,0,B,357
frame,0,B,358
frame,0,P,354
frame,0,B,361
frame,0,B,360
frame,0,B,362
frame,0,B,363
frame,0,P,354
frame,0,B,361
frame,0,B,360
frame,0,B,362
frame,0,B,363
frame,0,P,354
frame,0,B,361
frame,0,B,360
frame,0,B,362
frame,0,B,363
frame,0,P,359
frame,0,B,365
frame,0,P,359
frame,0,B,365
frame,0,P,359
frame,0,B,365
frame,0,P,364
frame,0,P,364
frame,0,P,364
frame,0,I,366
frame,0,B,369
frame,0,B,368
frame,0,B,370
frame,0,I,366
frame,0,B,369
frame,0,B,368
frame,0,B,370
frame,0,I,366
frame,0,B,369
frame,0,B,368
frame,0,B,370
frame,0,P,367
frame,0,B,373
frame,0,B,372
frame,0,B,374
frame,0,B,375
frame,0,P,367
frame,0,B,373
frame,0,B,372
frame,0,B,374
frame,0,B,375
frame,0,P,367
frame,0,B,373
frame,0,B,372
frame,0,B,374
frame,0,B,375
frame,0,P,371
frame,0,B,377
frame,0,P,371
frame,0,B,377
frame,0,P,371
frame,0,B,378
frame,0,B,377
frame,0,B,379
frame,0,B,380
frame,0,P,376
frame,0,B,380
frame,0,B,379
frame,0,B,381
frame,0,P,376
frame,0,B,380
frame,0,B,379
frame,0,B,381
frame,0,P,378
frame,0,B,384
frame,0,B,383
frame,0,B,385
frame,0,P,378
frame,0,B,384
frame,0,B,383
frame,0,B,385
frame,0,P,376
frame,0,B,383
frame,0,B,382
frame,0,B,384
frame,0,B,385
frame,0,P,382
frame,0,P,382
frame,0,P,381
frame,0,P,386
frame,0,P,386
frame,0,P,386
frame,0,I,387
frame,0,B,390
frame,0,B,389
frame,0,B,391
frame,0,P,388
frame,0,B,393
frame,0,I,387
frame,0,B,390
frame,0,B,391
frame,0,B,389
frame,0,B,392
frame,0,B,393
frame,0,I,387
frame,0,B,390
frame,0,B,391
frame,0,B,389
frame,0,B,392
frame,0,B,393
frame,0,P,392
frame,0,B,396
frame,0,B,395
frame,0,B,397
frame,0,B,398
frame,0,P,388
frame,0,B,396
frame,0,B,395
frame,0,B,397
frame,0,B,398
frame,0,P,388
frame,0,B,396
frame,0,B,395
frame,0,B,397
frame,0,B,398
frame,0,P,394
frame,0,B,400
frame,0,B,401
frame,0,P,394
frame,0,B,400
frame,0,B,401
frame,0,P,394
frame,0,B,400
frame,0,B,401
frame,0,P,399
frame,0,B,404
frame,0,B,403
frame,0,B,405
frame,0,P,399
frame,0,B,404
frame,0,B,403
frame,0,B,405
frame,0,P,399
frame,0,B,404
frame,0,B,403
frame,0,B,405
frame,0,P,402
frame,0,P,402
frame,0,P,402
frame,0,P,406
frame,0,P,406
frame,0,P,406
frame,0,I,407
frame,0,B,410
frame,0,B,411
frame,0,B,409
frame,0,B,412
frame,0,B,413
frame,0,I,407
frame,0,B,410
frame,0,B,411
frame,0,B,409
frame,0,B,412
frame,0,B,413
frame,0,I,407
frame,0,B,410
frame,0,B,411
frame,0,B,409
frame,0,B,412
frame,0,B,413
frame,0,P,408
frame,0,B,415
frame,0,P,414
frame,0,B,417
frame,0,B,418
frame,0,P,408
frame,0,B,416
frame,0,B,415
frame,0,B,417
frame,0,B,418
frame,0,P,408
frame,0,B,416
frame,0,B,415
frame,0,B,417
frame,0,B,418
frame,0,P,416
frame,0,B,420
frame,0,P,414
frame,0,B,420
frame,0,P,414
frame,0,B,420
frame,0,P,419
frame,0,P,419
frame,0,P,419
frame,0,I,421
frame,0,B,424
frame,0,B,423
frame,0,B,425
frame,0,I,421
frame,0,B,424
frame,0,B,423
frame,0,B,425
frame,0,I,421
frame,0,B,424
frame,0,B,423
frame,0,B,425
frame,0,P,422
frame,0,P,422
frame,0,P,422
frame,1,I,426
frame,0,B,429
frame,0,B,428
frame,0,B,430
frame,1,I,426
frame,0,B,429
frame,0,B,428
frame,0,B,430
frame,1,I,426
frame,0,B,429
frame,0,B,428
frame,0,B,430
frame,0,P,427
frame,0,P,427
frame,0,B,432
frame,0,B,433
frame,0,P,427
frame,0,B,432
frame,0,B,433
frame,0,P,431
frame,0,B,434
frame,0,B,433
frame,0,B,435
frame,0,P,431
frame,0,B,435
frame,0,P,431
frame,0,B,435
frame,0,P,432
frame,0,B,437
frame,0,P,434
frame,0,B,437
frame,0,P,434
frame,0,B,437
frame,0,P,436
frame,0,B,439
frame,0,B,440
frame,0,P,436
frame,0,B,439
frame,0,B,440
frame,0,P,438
frame,0,P,438
frame,0,P,436
frame,0,B,440
frame,0,B,439
frame,0,B,441
frame,0,B,442
frame,0,P,441
frame,0,B,443
frame,0,P,441
frame,0,B,443
frame,0,P,442
frame,0,P,438
frame,0,B,444
frame,0,B,445
frame,0,P,442
frame,0,B,445
frame,0,P,443
frame,0,P,444
frame,0,I,444
frame,0,B,446
frame,0,P,446
frame,0,B,448
frame,0,B,449
frame,0,P,446
frame,0,B,448
frame,0,B,449
frame,0,P,445
frame,0,B,448
frame,0,B,449
frame,0,P,447
frame,0,B,451
frame,0,P,447
frame,0,B,452
frame,0,B,451
frame,0,B,453
frame,0,P,447
frame,0,B,452
frame,0,B,451
frame,0,B,453
frame,0,P,450
frame,0,B,453
frame,0,P,452
frame,0,P,450
frame,0,B,455
frame,0,P,450
frame,0,B,455
frame,0,P,454
frame,0,P,454
frame,0,P,456
frame,0,B,458
frame,0,I,454
frame,0,B,457
frame,0,B,456
frame,0,B,458
frame,0,P,457
frame,0,B,460
frame,0,P,456
frame,0,B,459
frame,0,B,458
frame,0,B,460
frame,0,P,457
frame,0,P,459
frame,0,B,462
frame,0,P,461
frame,0,B,463
frame,0,P,455
frame,0,B,461
frame,0,B,460
frame,0,B,462
frame,0,B,463
frame,0,P,461
frame,0,B,464
frame,0,B,465
frame,0,P,463
frame,0,P,462
frame,0,B,466
frame,0,B,465
frame,0,B,467
frame,0,B,468
frame,0,P,459
frame,0,B,466
frame,0,B,465
frame,0,B,467
frame,0,B,468
frame,0,P,466
frame,0,B,469
frame,0,B,468
frame,0,B,470
frame,0,P,467
frame,0,P,464
frame,0,B,470
frame,0,B,471
frame,0,P,464
frame,0,B,470
frame,0,B,471
frame,0,P,471
frame,0,B,474
frame,0,B,473
frame,0,B,475
frame,0,P,469
frame,0,B,474
frame,0,B,473
frame,0,B,475
frame,0,P,469
frame,0,B,474
frame,0,B,473
frame,0,B,475
frame,0,P,472
frame,0,P,472
frame,0,B,477
frame,0,P,476
frame,0,B,479
frame,0,B,480
frame,0,P,476
frame,0,B,479
frame,0,B,478
frame,0,B,480
frame,0,P,472
frame,0,B,478
frame,0,B,477
frame,0,B,479
frame,0,B,480
frame,0,P,478
frame,0,B,483
frame,0,B,482
frame,0,B,484
frame,0,B,485
frame,0,P,477
frame,0,B,483
frame,0,B,482
frame,0,B,484
frame,0,B,485
frame,0,P,476
frame,0,B,483
frame,0,B,482
frame,0,B,484
frame,0,B,485
frame,0,P,481
frame,0,B,488
frame,0,B,487
frame,0,B,489
frame,0,B,490
frame,0,P,481
frame,0,B,488
frame,0,B,487
frame,0,B,489
frame,0,B,490
frame,0,P,481
frame,0,B,488
frame,0,B,487
frame,0,B,489
frame,0,B,490
frame,0,P,486
frame,0,B,492
frame,0,P,486
frame,0,B,492
frame,0,P,486
frame,0,B,492
frame,0,P,491
frame,0,B,495
frame,0,B,496
frame,0,B,494
frame,0,B,497
frame,0,B,498
frame,0,P,491
frame,0,B,495
frame,0,B,496
frame,0,B,494
frame,0,B,497
frame,0,B,498
frame,0,P,491
frame,0,B,495
frame,0,B,496
frame,0,B,494
frame,0,B,497
frame,0,B,498
frame,0,P,493
frame,0,P,493
frame,0,P,493
frame,0,I,499
frame,0,B,501
frame,0,B,502
frame,0,I,499
frame,0,B,501
frame,0,B,502
frame,0,P,500
frame,0,I,499
frame,0,B,502
frame,0,B,501
frame,0,B,503
frame,0,P,500
frame,0,B,504
frame,0,B,505
frame,0,P,503
frame,0,B,505
frame,0,P,500
frame,0,B,506
frame,0,B,505
frame,0,B,507
frame,0,P,503
frame,0,B,508
frame,0,B,507
frame,0,B,509
frame,0,P,504
frame,0,B,508
frame,0,B,507
frame,0,B,509
frame,0,P,504
frame,0,B,509
frame,0,P,506
frame,0,B,512
frame,0,B,511
frame,0,B,513
frame,0,P,506
frame,0,B,512
frame,0,B,511
frame,0,B,513
frame,0,P,510
frame,0,B,515
frame,0,P,510
frame,0,B,515
frame,0,P,508
frame,0,B,512
frame,0,B,513
frame,0,B,511
frame,0,B,514
frame,0,B,515
frame,0,P,514
frame,0,B,517
frame,0,P,514
frame,0,B,517
frame,0,P,516
frame,0,P,516
frame,0,P,510
frame,0,B,517
frame,0,B,518
frame,0,P,518
frame,0,P,518
frame,0,P,516
frame,0,I,519
frame,0,B,521
frame,0,B,522
frame,0,I,519
frame,0,B,521
frame,0,B,522
frame,0,P,520
frame,0,I,519
frame,0,B,522
frame,0,B,521
frame,0,B,523
frame,0,P,523
frame,0,B,525
frame,0,P,520
frame,0,B,524
frame,0,B,525
frame,0,P,524
frame,0,B,527
frame,0,P,523
frame,0,B,527
frame,0,P,520
frame,0,B,526
frame,0,B,525
frame,0,B,527
frame,0,P,526
frame,0,P,528
frame,0,B,530
frame,0,P,526
frame,0,B,529
frame,0,B,530
frame,0,P,529
frame,0,B,532
frame,0,P,528
frame,0,B,532
frame,0,P,524
frame,0,B,530
frame,0,B,529
frame,0,B,531
frame,0,B,532
frame,0,P,531
frame,0,P,531
frame,0,P,533
frame,0,B,536
frame,0,B,535
frame,0,B,537
frame,0,P,533
frame,0,B,536
frame,0,B,535
frame,0,B,537
frame,0,P,528
frame,0,B,535
frame,0,B,534
frame,0,B,536
frame,0,B,537
frame,0,P,534
frame,0,P,534
frame,0,P,538
frame,0,B,540
frame,0,P,533
frame,0,B,539
frame,0,B,540
frame,0,P,538
frame,0,B,541
frame,0,B,540
frame,0,B,542
frame,0,P,539
frame,0,B,542
frame,0,P,539
frame,0,P,541
frame,0,P,538
frame,0,B,542
frame,0,B,543
frame,0,P,543
frame,0,P,543
frame,0,P,541
frame,0,I,544
frame,0,B,546
frame,0,B,547
frame,0,I,544
frame,0,B,547
frame,0,B,548
frame,0,B,546
frame,0,B,549
frame,0,B,550
frame,0,I,544
frame,0,B,547
frame,0,B,548
frame,0,B,546
frame,0,B,549
frame,0,B,550
frame,0,P,545
frame,0,B,550
frame,0,B,549
frame,0,B,551
frame,0,P,548
frame,0,B,553
frame,0,P,545
frame,0,B,553
frame,0,B,552
frame,0,B,554
frame,0,B,555
frame,0,P,545
frame,0,B,553
frame,0,B,552
frame,0,B,554
frame,0,B,555
frame,0,P,552
frame,0,B,556
frame,0,B,555
frame,0,B,557
frame,0,P,554
frame,0,P,551
frame,0,B,558
frame,0,B,557
frame,0,B,559
frame,0,B,560
frame,0,P,551
frame,0,B,558
frame,0,B,557
frame,0,B,559
frame,0,B,560
frame,0,P,558
frame,0,B,561
frame,0,B,560
frame,0,B,562
frame,0,P,556
frame,0,B,562
frame,0,P,559
frame,0,P,563
frame,0,B,565
frame,0,P,556
frame,0,B,563
frame,0,B,562
frame,0,B,564
frame,0,B,565
frame,0,P,561
frame,0,B,565
frame,0,B,564
frame,0,B,566
frame,0,P,564
frame,0,B,567
frame,0,P,566
frame,0,P,568
frame,0,B,570
frame,0,P,563
frame,0,B,569
frame,0,B,568
frame,0,B,570
frame,0,P,561
frame,0,B,568
frame,0,B,567
frame,0,B,569
frame,0,B,570
frame,0,P,569
frame,0,B,572
frame,0,P,567
frame,0,B,573
frame,0,B,572
frame,0,B,574
frame,0,B,575
frame,0,P,566
frame,0,B,573
frame,0,B,572
frame,0,B,574
frame,0,B,575
frame,0,P,571
frame,0,B,575
frame,0,B,574
frame,0,B,576
frame,0,P,573
frame,0,B,579
frame,0,B,578
frame,0,B,580
frame,0,P,571
frame,0,B,578
frame,0,B,577
frame,0,B,579
frame,0,B,580
frame,0,P,571
frame,0,B,578
frame,0,B,577
frame,0,B,579
frame,0,B,580
frame,0,P,577
frame,0,B,582
frame,0,P,581
frame,0,P,583
frame,0,B,585
frame,0,P,576
frame,0,B,583
frame,0,B,582
frame,0,B,584
frame,0,B,585
frame,0,P,576
frame,0,B,583
frame,0,B,582
frame,0,B,584
frame,0,B,585
frame,0,P,584
frame,0,P,581
frame,0,P,581
frame,1,I,586
frame,0,B,589
frame,0,B,588
frame,0,B,590
frame,1,I,586
frame,0,B,589
frame,0,B,588
frame,0,B,590
frame,1,I,586
frame,0,B,589
frame,0,B,588
frame,0,B,590
frame,0,P,587
frame,0,B,593
frame,0,B,592
frame,0,B,594
frame,0,B,595
frame,0,P,587
frame,0,B,593
frame,0,B,592
frame,0,B,594
frame,0,B,595
frame,0,P,587
frame,0,B,593
frame,0,B,592
frame,0,B,594
frame,0,B,595
frame,0,P,591
frame,0,B,597
frame,0,P,591
frame,0,B,598
frame,0,B,597
frame,0,B,599
frame,0,B,600
frame,0,P,591
frame,0,B,598
frame,0,B,597
frame,0,B,599
frame,0,B,600
frame,0,P,596
frame,0,B,600
frame,0,B,599
frame,0,B,601
frame,0,B,602
frame,0,P,596
frame,0,B,603
frame,0,B,602
frame,0,B,604
frame,0,B,605
frame,0,P,596
frame,0,B,603
frame,0,B,602
frame,0,B,604
frame,0,B,605
frame,0,P,598
frame,0,B,605
frame,0,B,604
frame,0,B,606
frame,0,B,607
frame,0,P,601
frame,0,B,608
frame,0,B,607
frame,0,B,609
frame,0,P,601
frame,0,B,608
frame,0,B,607
frame,0,B,609
frame,0,B,610
frame,0,P,603
frame,0,B,610
frame,0,B,609
frame,0,B,611
frame,0,B,612
frame,0,P,606
frame,0,B,612
frame,0,B,611
frame,0,B,613
frame,0,P,606
frame,0,B,613
frame,0,B,612
frame,0,B,614
frame,0,B,615
frame,0,P,610
frame,0,B,616
frame,0,B,615
frame,0,B,617
frame,0,P,608
frame,0,B,615
frame,0,B,614
frame,0,B,616
frame,0,B,617
frame,0,P,614
frame,0,B,619
frame,0,P,613
frame,0,B,619
frame,0,P,611
frame,0,B,618
frame,0,B,617
frame,0,B,619
frame,0,P,618
frame,0,B,622
frame,0,B,621
frame,0,B,623
frame,0,B,624
frame,0,P,618
frame,0,B,622
frame,0,B,623
frame,0,B,621
frame,0,B,624
frame,0,B,625
frame,0,P,616
frame,0,B,622
frame,0,B,623
frame,0,B,621
frame,0,B,624
frame,0,B,625
frame,0,P,620
frame,0,B,628
frame,0,B,627
frame,0,B,629
frame,0,P,620
frame,0,B,628
frame,0,B,627
frame,0,B,629
frame,0,P,620
frame,0,B,627
frame,0,B,628
frame,0,B,626
frame,0,B,629
frame,0,B,630
frame,0,P,625
frame,0,B,632
frame,0,B,633
frame,0,P,626
frame,0,B,632
frame,0,B,631
frame,0,B,633
frame,0,P,631
frame,0,B,635
frame,0,P,626
frame,0,B,632
frame,0,B,633
frame,0,B,631
frame,0,B,634
frame,0,B,635
frame,0,P,634
frame,0,B,637
frame,0,P,630
frame,0,B,636
frame,0,B,635
frame,0,B,637
frame,0,P,636
frame,0,P,634
frame,0,P,638
frame,0,B,640
frame,0,P,638
frame,0,B,640
frame,0,P,630
frame,0,B,638
frame,0,B,637
frame,0,B,639
frame,0,B,640
frame,0,P,639
frame,0,P,639
frame,0,P,636
frame,0,I,641
frame,0,B,643
frame,0,I,641
frame,0,B,643
frame,0,I,641
frame,0,B,643
frame,0,P,642
frame,0,B,645
frame,0,P,642
frame,0,B,645
frame,0,P,642
frame,0,B,645
frame,0,B,646
frame,0,P,644
frame,0,B,647
frame,0,P,644
frame,0,B,647
frame,0,P,646
frame,0,B,649
frame,0,P,644
frame,0,B,649
frame,0,B,648
frame,0,B,650
frame,0,P,648
frame,0,B,651
frame,0,P,646
frame,0,B,650
frame,0,B,649
frame,0,B,651
frame,0,B,652
frame,0,P,648
frame,0,P,650
frame,0,B,654
frame,0,B,653
frame,0,B,655
frame,0,P,647
frame,0,B,653
frame,0,B,652
frame,0,B,654
frame,0,B,655
frame,0,P,653
frame,0,B,655
frame,0,B,656
frame,0,P,652
frame,0,B,657
frame,0,B,658
frame,0,P,654
frame,0,B,658
frame,0,P,651
frame,0,B,657
frame,0,B,658
frame,0,P,656
frame,0,B,660
frame,0,P,657
frame,0,B,660
frame,0,B,661
frame,0,P,656
frame,0,B,661
frame,0,B,660
frame,0,B,662
frame,0,P,659
frame,0,B,662
frame,0,B,663
frame,0,P,659
frame,0,B,664
frame,0,B,663
frame,0,B,665
frame,0,P,661
frame,0,B,666
frame,0,B,665
frame,0,B,667
frame,0,P,659
frame,0,B,665
frame,0,B,664
frame,0,B,666
frame,0,B,667
frame,0,P,664
frame,0,B,669
frame,0,P,662
frame,0,B,668
frame,0,B,667
frame,0,B,669
frame,0,B,670
frame,0,P,668
frame,0,B,671
frame,0,B,672
frame,0,P,663
frame,0,B,670
frame,0,B,669
frame,0,B,671
frame,0,B,672
frame,0,P,670
frame,0,B,674
frame,0,P,666
frame,0,B,673
frame,0,B,672
frame,0,B,674
frame,0,P,668
frame,0,B,674
frame,0,P,671
frame,0,B,677
frame,0,B,676
frame,0,B,678
frame,0,P,673
frame,0,B,677
frame,0,B,676
frame,0,B,678
frame,0,B,679
frame,0,P,673
frame,0,B,677
frame,0,B,676
frame,0,B,678
frame,0,B,679
frame,0,P,675
frame,0,B,681
frame,0,P,675
frame,0,B,680
frame,0,B,681
frame,0,P,680
frame,0,B,683
frame,0,P,679
frame,0,B,683
frame,0,P,675
frame,0,B,682
frame,0,B,681
frame,0,B,683
frame,0,B,684
frame,0,P,682
frame,0,B,685
frame,0,P,682
frame,0,B,685
frame,0,P,684
frame,0,B,687
frame,0,P,684
frame,0,B,687
frame,0,P,686
frame,0,P,686
frame,0,P,688
frame,0,B,690
frame,0,P,680
frame,0,B,687
frame,0,B,688
frame,0,B,686
frame,0,B,689
frame,0,B,690
frame,0,P,688
frame,0,B,691
frame,0,B,690
frame,0,B,692
frame,0,P,689
frame,0,B,694
frame,0,P,689
frame,0,B,693
frame,0,B,692
frame,0,B,694
frame,0,P,685
frame,0,B,693
frame,0,B,692
frame,0,B,694
frame,0,P,693
frame,0,B,697
frame,0,B,696
frame,0,B,698
frame,0,P,691
frame,0,B,697
frame,0,B,696
frame,0,B,698
frame,0,P,691
frame,0,B,697
frame,0,B,696
frame,0,B,698
frame,0,P,695
frame,0,B,700
frame,0,P,695
frame,0,B,700
frame,0,P,695
frame,0,B,700
frame,0,P,699
frame,0,B,702
frame,0,P,699
frame,0,B,702
frame,0,P,699
frame,0,B,702
frame,0,P,701
frame,0,B,705
frame,0,B,704
frame,0,B,706
frame,0,B,707
frame,0,P,701
frame,0,B,705
frame,0,B,704
frame,0,B,706
frame,0,B,707
frame,0,P,701
frame,0,B,705
frame,0,B,704
frame,0,B,706
frame,0,B,707
frame,0,P,703
frame,0,P,703
frame,0,P,703
frame,0,P,708
frame,0,B,710
frame,0,P,708
frame,0,B,710
frame,0,P,708
frame,0,B,710
frame,0,P,709
frame,0,B,713
frame,0,B,712
frame,0,B,714
frame,0,B,715
frame,0,P,709
frame,0,B,713
frame,0,B,712
frame,0,B,714
frame,0,B,715
frame,0,P,709
frame,0,B,713
frame,0,B,712
frame,0,B,714
frame,0,B,715
frame,0,P,711
frame,0,P,711
frame,0,P,711
frame,1,I,716
frame,0,B,719
frame,0,B,718
frame,0,B,720
frame,1,I,716
frame,0,B,719
frame,0,B,718
frame,0,B,720
frame,1,I,716
frame,0,B,719
frame,0,B,718
frame,0,B,720
frame,0,P,717
frame,0,B,722
frame,0,P,717
frame,0,B,722
frame,0,B,723
frame,0,P,721
frame,0,P,717
frame,0,B,722
frame,0,B,723
frame,0,P,721
frame,0,B,725
frame,0,P,723
frame,0,B,725
frame,0,P,724
frame,0,B,727
frame,0,P,724
frame,0,B,727
frame,0,P,721
frame,0,B,726
frame,0,B,725
frame,0,B,727
frame,0,P,726
frame,0,P,726
frame,0,P,724
frame,0,P,728
frame,0,B,730
frame,0,P,728
frame,0,B,730
frame,0,B,731
frame,0,P,728
frame,0,B,730
frame,0,B,731
frame,0,P,729
frame,0,B,732
frame,0,P,729
frame,0,B,733
frame,0,P,731
frame,0,P,733
frame,0,B,735
frame,0,P,729
frame,0,B,734
frame,0,B,733
frame,0,B,735
frame,0,P,732
frame,0,B,736
frame,0,B,735
frame,0,B,737
frame,0,P,734
frame,0,B,737
frame,0,P,734
frame,0,P,736
frame,0,P,738
frame,0,B,740
frame,0,P,738
frame,0,B,740
frame,0,P,732
frame,0,B,738
frame,0,B,737
frame,0,B,739
frame,0,B,740
frame,0,P,739
frame,0,B,742
frame,0,P,739
frame,0,B,742
frame,0,P,741
frame,0,B,744
frame,0,P,741
frame,0,B,744
frame,0,P,736
frame,0,B,743
frame,0,B,742
frame,0,B,744
frame,0,B,745
frame,0,P,741
frame,0,B,747
frame,0,P,743
frame,0,B,747
frame,0,B,746
frame,0,B,748
frame,0,P,746
frame,0,P,743
frame,0,B,747
frame,0,B,746
frame,0,B,748
frame,0,B,749
frame,0,P,745
frame,0,B,750
frame,0,B,751
frame,0,P,748
frame,0,B,750
frame,0,B,751
frame,0,P,745
frame,0,B,751
frame,0,B,752
frame,0,P,750
frame,0,B,754
frame,0,P,749
frame,0,B,754
frame,0,B,753
frame,0,B,755
frame,0,P,749
frame,0,B,754
frame,0,B,753
frame,0,B,755
frame,0,P,752
frame,0,B,757
frame,0,P,756
frame,0,P,753
frame,0,B,757
frame,0,B,758
frame,0,B,756
frame,0,B,759
frame,0,B,760
frame,0,P,758
frame,0,B,760
frame,0,P,752
frame,0,B,758
frame,0,B,757
frame,0,B,759
frame,0,B,760
frame,0,P,759
frame,0,B,763
frame,0,B,762
frame,0,B,764
frame,0,P,756
frame,0,B,763
frame,0,B,762
frame,0,B,764
frame,0,P,755
frame,0,B,763
frame,0,B,762
frame,0,B,764
frame,0,B,765
frame,0,P,761
frame,0,B,768
frame,0,B,767
frame,0,B,769
frame,0,P,761
frame,0,B,767
frame,0,B,768
frame,0,B,766
frame,0,B,769
frame,0,B,770
frame,0,P,761
frame,0,B,767
frame,0,B,768
frame,0,B,766
frame,0,B,769
frame,0,B,770
frame,0,P,766
frame,0,B,772
frame,0,B,773
frame,0,B,774
frame,0,B,775
frame,0,B,776
frame,0,B,777
frame,0,B,778
frame,0,B,771
frame,0,B,779
frame,0,B,780
frame,0,P,770
frame,0,P,765
frame,0,P,771
frame,0,P,765
frame,0,P,771
